(0.166, -0.931, 0.081),
(0.164, -0.938, 0.086),
(0.162, -0.933, 0.089),
(0.163, -0.932, 0.087),
(0.158, -0.935, 0.083),
(0.164, -0.935, 0.085),
(0.167, -0.935, 0.086),
(0.170, -0.936, 0.086),
(0.167, -0.936, 0.090),
(0.166, -0.936, 0.087),
(0.168, -0.938, 0.085),
(0.167, -0.940, 0.087),
(0.168, -0.940, 0.085),
(0.167, -0.940, 0.084),
(0.165, -0.939, 0.087),
(0.167, -0.943, 0.091),
(0.169, -0.945, 0.093),
(0.169, -0.949, 0.090),
(0.168, -0.950, 0.092),
(0.167, -0.948, 0.093),
(0.167, -0.947, 0.086),
(0.167, -0.942, 0.083),
(0.169, -0.940, 0.082),
(0.168, -0.941, 0.082),
(0.165, -0.938, 0.082),
(0.163, -0.939, 0.086),
(0.163, -0.940, 0.088),
(0.166, -0.945, 0.086),
(0.165, -0.946, 0.082),
(0.164, -0.945, 0.080),
(0.160, -0.943, 0.079),
(0.161, -0.942, 0.080),
(0.161, -0.940, 0.081),
(0.161, -0.938, 0.080),
(0.166, -0.936, 0.078),
(0.163, -0.936, 0.072),
(0.159, -0.938, 0.071),
(0.159, -0.937, 0.069),
(0.158, -0.930, 0.068),
(0.160, -0.929, 0.066),
(0.157, -0.929, 0.067),
(0.157, -0.934, 0.064),
(0.161, -0.940, 0.068),
(0.163, -0.943, 0.072),
(0.164, -0.945, 0.072),
(0.165, -0.948, 0.071),
(0.166, -0.945, 0.062),
(0.170, -0.948, 0.057),
(0.173, -0.947, 0.055),
(0.175, -0.946, 0.055),
(0.174, -0.945, 0.054),
(0.169, -0.942, 0.057),
(0.168, -0.941, 0.062),
(0.169, -0.941, 0.067),
(0.170, -0.940, 0.076),
(0.169, -0.940, 0.074),
(0.167, -0.938, 0.071),
(0.163, -0.937, 0.073),
(0.160, -0.935, 0.076),
(0.162, -0.936, 0.077),
(0.161, -0.938, 0.082),
(0.156, -0.941, 0.087),
(0.158, -0.946, 0.083),
(0.164, -0.949, 0.083),
(0.168, -0.945, 0.078),
(0.170, -0.945, 0.081),
(0.165, -0.946, 0.079),
(0.165, -0.947, 0.079),
(0.163, -0.946, 0.083),
(0.164, -0.947, 0.087),
(0.162, -0.944, 0.089),
(0.164, -0.944, 0.088),
(0.163, -0.946, 0.088),
(0.165, -0.945, 0.087),
(0.169, -0.947, 0.086),
(0.167, -0.947, 0.086),
(0.167, -0.947, 0.084),
(0.166, -0.944, 0.091),
(0.167, -0.944, 0.090),
(0.167, -0.942, 0.091),
(0.165, -0.939, 0.084),
(0.162, -0.938, 0.084),
(0.162, -0.935, 0.086),
(0.160, -0.935, 0.087),
(0.159, -0.941, 0.089),
(0.165, -0.944, 0.083),
(0.165, -0.945, 0.076),
(0.167, -0.943, 0.074),
(0.162, -0.929, 0.074),
(0.158, -0.927, 0.078),
(0.157, -0.926, 0.081),
(0.153, -0.925, 0.088),
(0.154, -0.925, 0.100),
(0.155, -0.929, 0.103),
(0.157, -0.932, 0.104),
(0.155, -0.932, 0.105),
(0.161, -0.932, 0.096),
(0.164, -0.937, 0.098),
(0.170, -0.935, 0.089),
(0.172, -0.938, 0.095),
(0.169, -0.944, 0.103),
(0.165, -0.950, 0.106),
(0.163, -0.953, 0.104),
(0.167, -0.948, 0.108),
(0.175, -0.945, 0.107),
(0.174, -0.940, 0.100),
(0.167, -0.941, 0.100),
(0.162, -0.940, 0.103),
(0.171, -0.927, 0.095),
(0.171, -0.928, 0.092),
(0.171, -0.935, 0.089),
(0.157, -0.938, 0.089),
(0.163, -0.939, 0.092),
(0.165, -0.940, 0.090),
(0.169, -0.943, 0.090),
(0.172, -0.946, 0.078),
(0.170, -0.945, 0.079),
(0.167, -0.941, 0.079),
(0.162, -0.939, 0.083),
(0.162, -0.940, 0.098),
(0.162, -0.938, 0.100),
(0.166, -0.937, 0.102),
(0.168, -0.934, 0.109),
(0.168, -0.930, 0.113),
(0.165, -0.932, 0.114),
(0.161, -0.929, 0.114),
(0.160, -0.932, 0.116),
(0.161, -0.939, 0.113),
(0.163, -0.942, 0.111),
(0.163, -0.940, 0.114),
(0.168, -0.941, 0.117),
(0.171, -0.943, 0.120),
(0.172, -0.946, 0.120),
(0.168, -0.946, 0.119),
(0.167, -0.946, 0.116),
(0.170, -0.941, 0.111),
(0.169, -0.940, 0.106),
(0.169, -0.937, 0.104),
(0.164, -0.934, 0.105),
(0.164, -0.932, 0.107),
(0.163, -0.932, 0.103),
(0.162, -0.928, 0.103),
(0.162, -0.924, 0.102),
(0.161, -0.920, 0.095),
(0.159, -0.928, 0.090),
(0.156, -0.935, 0.085),
(0.156, -0.940, 0.088),
(0.151, -0.946, 0.096),
(0.158, -0.933, 0.102),
(0.160, -0.928, 0.107),
(0.156, -0.926, 0.109),
(0.156, -0.927, 0.112),
(0.161, -0.925, 0.113),
(0.165, -0.929, 0.115),
(0.164, -0.933, 0.117),
(0.161, -0.933, 0.120),
(0.164, -0.938, 0.113),
(0.158, -0.944, 0.101),
(0.155, -0.941, 0.097),
(0.155, -0.937, 0.094),
(0.154, -0.936, 0.090),
(0.152, -0.951, 0.073),
(0.151, -0.949, 0.069),
(0.150, -0.949, 0.069),
(0.145, -0.947, 0.057),
(0.158, -0.949, 0.060),
(0.154, -0.952, 0.066),
(0.151, -0.951, 0.069),
(0.153, -0.953, 0.072),
(0.156, -0.950, 0.076),
(0.161, -0.950, 0.076),
(0.162, -0.949, 0.077),
(0.154, -0.948, 0.083),
(0.151, -0.951, 0.088),
(0.148, -0.955, 0.093),
(0.146, -0.957, 0.088),
(0.145, -0.955, 0.088),
(0.145, -0.952, 0.088),
(0.150, -0.948, 0.088),
(0.150, -0.944, 0.091),
(0.150, -0.941, 0.090),
(0.147, -0.937, 0.089),
(0.147, -0.937, 0.086),
(0.147, -0.941, 0.080),
(0.143, -0.936, 0.084),
(0.139, -0.936, 0.090),
(0.138, -0.932, 0.091),
(0.138, -0.931, 0.097),
(0.148, -0.934, 0.097),
(0.149, -0.938, 0.098),
(0.145, -0.944, 0.093),
(0.142, -0.955, 0.091),
(0.135, -0.958, 0.097),
(0.139, -0.946, 0.100),
(0.145, -0.932, 0.104),
(0.154, -0.921, 0.100),
(0.155, -0.924, 0.103),
(0.148, -0.931, 0.108),
(0.139, -0.935, 0.108),
(0.135, -0.938, 0.106),
(0.144, -0.949, 0.097),
(0.143, -0.949, 0.098),
(0.147, -0.948, 0.104),
(0.148, -0.947, 0.107),
(0.148, -0.948, 0.104),
(0.147, -0.950, 0.100),
(0.146, -0.951, 0.097),
(0.145, -0.950, 0.092),
(0.148, -0.948, 0.093),
(0.143, -0.950, 0.096),
(0.136, -0.949, 0.099),
(0.131, -0.946, 0.100),
(0.135, -0.943, 0.099),
(0.136, -0.944, 0.097),
(0.139, -0.947, 0.096),
(0.140, -0.947, 0.100),
(0.138, -0.956, 0.099),
(0.139, -0.952, 0.102),
(0.142, -0.948, 0.105),
(0.153, -0.950, 0.105),
(0.152, -0.946, 0.104),
(0.149, -0.945, 0.101),
(0.150, -0.944, 0.102),
(0.145, -0.940, 0.099),
(0.143, -0.938, 0.100),
(0.145, -0.938, 0.099),
(0.146, -0.936, 0.101),
(0.146, -0.933, 0.100),
(0.143, -0.929, 0.097),
(0.138, -0.929, 0.094),
(0.134, -0.931, 0.096),
(0.129, -0.936, 0.092),
(0.129, -0.938, 0.088),
(0.136, -0.941, 0.090),
(0.142, -0.937, 0.088),
(0.151, -0.936, 0.079),
(0.151, -0.936, 0.075),
(0.146, -0.941, 0.078),
(0.141, -0.947, 0.083),
(0.135, -0.952, 0.089),
(0.140, -0.954, 0.085),
(0.148, -0.954, 0.083),
(0.155, -0.950, 0.079),
(0.158, -0.946, 0.083),
(0.153, -0.946, 0.085),
(0.144, -0.948, 0.094),
(0.133, -0.949, 0.107),
(0.131, -0.949, 0.122),
(0.136, -0.949, 0.122),
(0.145, -0.953, 0.115),
(0.149, -0.952, 0.106),
(0.147, -0.940, 0.100),
(0.142, -0.938, 0.102),
(0.134, -0.938, 0.105),
(0.124, -0.942, 0.117),
(0.118, -0.944, 0.125),
(0.124, -0.941, 0.121),
(0.132, -0.935, 0.117),
(0.138, -0.932, 0.117),
(0.130, -0.935, 0.115),
(0.121, -0.938, 0.111),
(0.119, -0.944, 0.107),
(0.120, -0.950, 0.105),
(0.133, -0.953, 0.107),
(0.134, -0.957, 0.109),
(0.135, -0.955, 0.112),
(0.132, -0.949, 0.116),
(0.132, -0.949, 0.117),
(0.130, -0.949, 0.117),
(0.128, -0.949, 0.120),
(0.129, -0.951, 0.121),
(0.145, -0.952, 0.113),
(0.138, -0.973, 0.113),
(0.144, -0.981, 0.106),
(0.152, -0.982, 0.098),
(0.170, -0.969, 0.085),
(0.165, -0.963, 0.083),
(0.154, -0.953, 0.084),
(0.145, -0.951, 0.088),
(0.141, -0.945, 0.087),
(0.146, -0.940, 0.085),
(0.153, -0.933, 0.088),
(0.155, -0.921, 0.091),
(0.152, -0.915, 0.101),
(0.146, -0.907, 0.116),
(0.138, -0.909, 0.124),
(0.126, -0.908, 0.128),
(0.115, -0.917, 0.131),
(0.123, -0.918, 0.134),
(0.132, -0.910, 0.139),
(0.139, -0.900, 0.145),
(0.144, -0.901, 0.155),
(0.143, -0.904, 0.157),
(0.139, -0.912, 0.160),
(0.140, -0.918, 0.161),
(0.145, -0.916, 0.172),
(0.147, -0.916, 0.179),
(0.143, -0.916, 0.188),
(0.133, -0.922, 0.192),
(0.126, -0.926, 0.194),
(0.129, -0.927, 0.195),
(0.143, -0.929, 0.196),
(0.151, -0.934, 0.194),
(0.166, -0.936, 0.181),
(0.180, -0.939, 0.175),
(0.182, -0.941, 0.174),
(0.183, -0.942, 0.171),
(0.186, -0.948, 0.158),
(0.185, -0.952, 0.153),
(0.187, -0.955, 0.142),
(0.191, -0.949, 0.131),
(0.201, -0.942, 0.117),
(0.201, -0.936, 0.113),
(0.197, -0.933, 0.112),
(0.194, -0.932, 0.108),
(0.190, -0.934, 0.096),
(0.186, -0.930, 0.092),
(0.188, -0.925, 0.083),
(0.189, -0.919, 0.074),
(0.184, -0.910, 0.062),
(0.174, -0.914, 0.064),
(0.172, -0.930, 0.065),
(0.177, -0.931, 0.067),
(0.186, -0.939, 0.069),
(0.192, -0.947, 0.086),
(0.197, -0.947, 0.094),
(0.193, -0.941, 0.104),
(0.188, -0.935, 0.115),
(0.194, -0.937, 0.125),
(0.197, -0.938, 0.127),
(0.196, -0.934, 0.132),
(0.191, -0.934, 0.138),
(0.176, -0.927, 0.140),
(0.167, -0.919, 0.136),
(0.156, -0.909, 0.138),
(0.147, -0.900, 0.141),
(0.117, -0.895, 0.144),
(0.102, -0.899, 0.154),
(0.087, -0.910, 0.155),
(0.076, -0.917, 0.156),
(0.070, -0.922, 0.161),
(0.067, -0.932, 0.163),
(0.061, -0.936, 0.158),
(0.054, -0.935, 0.162),
(0.042, -0.935, 0.175),
(0.036, -0.938, 0.184),
(0.034, -0.940, 0.189),
(0.031, -0.944, 0.185),
(0.023, -0.949, 0.178),
(0.021, -0.949, 0.174),
(0.022, -0.949, 0.172),
(0.020, -0.946, 0.170),
(0.014, -0.944, 0.167),
(0.009, -0.941, 0.165),
(0.000, -0.939, 0.162),
(-0.006, -0.941, 0.162),
(-0.021, -0.945, 0.158),
(-0.027, -0.957, 0.152),
(-0.031, -0.968, 0.145),
(-0.033, -0.972, 0.140),
(-0.029, -0.967, 0.137),
(-0.053, -1.029, 0.135),
(-0.056, -1.035, 0.134),
(-0.055, -0.972, 0.158),
(-0.058, -0.963, 0.158),
(-0.061, -0.958, 0.155),
(-0.062, -0.960, 0.137),
(-0.060, -0.964, 0.134),
(-0.057, -0.966, 0.131),
(-0.058, -0.967, 0.131),
(-0.052, -0.967, 0.132),
(-0.048, -0.962, 0.130),
(-0.042, -0.958, 0.126),
(-0.039, -0.951, 0.123),
(-0.041, -0.957, 0.120),
(-0.040, -0.960, 0.120),
(-0.041, -0.964, 0.119),
(-0.038, -0.969, 0.114),
(-0.012, -0.995, 0.106),
(-0.012, -0.992, 0.112),
(-0.016, -0.994, 0.118),
(-0.021, -0.993, 0.126),
(-0.029, -1.001, 0.135),
(-0.031, -1.007, 0.140),
(-0.036, -1.008, 0.149),
(-0.038, -1.010, 0.155),
(-0.025, -1.009, 0.167),
(-0.017, -1.011, 0.167),
(-0.006, -1.018, 0.171),
(0.004, -1.022, 0.170),
(0.012, -1.020, 0.169),
(0.018, -1.013, 0.175),
(0.023, -1.009, 0.178),
(0.028, -1.006, 0.185),
(0.031, -1.005, 0.187),
(0.019, -1.004, 0.179),
(0.010, -1.003, 0.179),
(0.006, -1.005, 0.181),
(-0.001, -1.014, 0.164),
(0.009, -1.019, 0.156),
(0.023, -1.011, 0.158),
(0.049, -0.965, 0.168),
(0.054, -0.941, 0.174),
(0.051, -0.927, 0.181),
(0.039, -0.917, 0.189),
(0.007, -0.935, 0.194),
(-0.004, -0.941, 0.195),
(-0.011, -0.944, 0.194),
(-0.015, -0.947, 0.187),
(-0.009, -0.942, 0.184),
(-0.007, -0.939, 0.189),
(-0.001, -0.931, 0.188),
(0.005, -0.927, 0.193),
(0.009, -0.922, 0.203),
(0.012, -0.917, 0.200),
(0.018, -0.914, 0.196),
(0.025, -0.909, 0.190),
(0.025, -0.900, 0.186),
(0.027, -0.901, 0.183),
(0.028, -0.903, 0.179),
(0.033, -0.902, 0.174),
(0.038, -0.906, 0.172),
(0.043, -0.906, 0.174),
(0.043, -0.909, 0.174),
(0.042, -0.911, 0.175),
(0.047, -0.911, 0.178),
(0.055, -0.917, 0.177),
(0.062, -0.921, 0.176),
(0.070, -0.924, 0.181),
(0.076, -0.927, 0.182),
(0.080, -0.932, 0.185),
(0.086, -0.935, 0.183),
(0.107, -0.938, 0.176),
(0.126, -0.932, 0.174),
(0.117, -0.938, 0.188),
(0.109, -0.937, 0.207),
(0.109, -0.933, 0.218),
(0.118, -0.934, 0.224),
(0.130, -0.944, 0.225),
(0.140, -0.951, 0.226),
(0.152, -0.961, 0.212),
(0.182, -0.956, 0.180),
(0.197, -0.946, 0.175),
(0.218, -0.935, 0.172),
(0.228, -0.922, 0.171),
(0.235, -0.900, 0.170),
(0.234, -0.883, 0.176),
(0.235, -0.874, 0.181),
(0.229, -0.866, 0.196),
(0.221, -0.863, 0.208),
(0.213, -0.862, 0.219),
(0.208, -0.863, 0.226),
(0.202, -0.865, 0.236),
(0.192, -0.868, 0.241),
(0.188, -0.874, 0.247),
(0.178, -0.890, 0.264),
(0.176, -0.896, 0.275),
(0.177, -0.903, 0.285),
(0.176, -0.906, 0.290),
(0.177, -0.906, 0.288),
(0.182, -0.904, 0.282),
(0.188, -0.901, 0.274),
(0.194, -0.891, 0.265),
(0.198, -0.877, 0.254),
(0.205, -0.871, 0.246),
(0.204, -0.872, 0.247),
(0.200, -0.875, 0.245),
(0.195, -0.878, 0.232),
(0.200, -0.938, 0.243),
(0.191, -0.952, 0.247),
(0.179, -0.958, 0.248),
(0.198, -0.937, 0.219),
(0.199, -0.926, 0.224),
(0.185, -0.918, 0.223),
(0.174, -0.916, 0.220),
(0.167, -0.904, 0.217),
(0.157, -0.903, 0.229),
(0.151, -0.903, 0.236),
(0.141, -0.901, 0.233),
(0.126, -0.916, 0.238),
(0.125, -0.911, 0.242),
(0.112, -0.926, 0.250),
(0.107, -0.932, 0.257),
(0.114, -0.920, 0.259),
(0.121, -0.926, 0.257),
(0.135, -0.930, 0.253),
(0.136, -0.931, 0.249),
(0.131, -0.946, 0.270),
(0.133, -0.948, 0.273),
(0.111, -0.962, 0.275),
(0.092, -0.968, 0.278),
(0.074, -0.985, 0.303),
(0.080, -0.991, 0.321),
(0.093, -0.990, 0.337),
(0.086, -0.996, 0.332),
(0.062, -1.011, 0.342),
(0.062, -1.019, 0.361),
(0.041, -1.018, 0.389),
(0.003, -1.007, 0.409),
(-0.042, -0.994, 0.450),
(-0.037, -0.989, 0.490),
(-0.043, -0.985, 0.522),
(-0.063, -0.973, 0.553),
(-0.056, -0.964, 0.662),
(-0.043, -0.914, 0.698),
(-0.051, -0.846, 0.703),
(-0.082, -0.819, 0.723),
(-0.144, -0.805, 0.762),
(-0.199, -0.799, 0.750),
(-0.222, -0.806, 0.731),
(-0.225, -0.798, 0.759),
(-0.249, -0.756, 0.818),
(-0.296, -0.732, 0.830),
(-0.346, -0.582, 0.900),
(-0.373, -0.552, 0.903),
(-0.381, -0.522, 0.907),
(-0.341, -0.404, 0.930),
(-0.356, -0.373, 0.954),
(-0.375, -0.352, 0.938),
(-0.369, -0.342, 0.936),
(-0.328, -0.307, 0.969),
(-0.344, -0.291, 0.993),
(-0.370, -0.263, 0.956),
(-0.342, -0.208, 0.957),
(-0.321, -0.171, 0.970),
(-0.354, -0.119, 0.933),
(-0.340, -0.096, 0.929),
(-0.328, -0.084, 0.960),
(-0.363, -0.015, 0.906),
(-0.336, 0.049, 0.931),
(-0.307, 0.055, 0.926),
(-0.309, 0.058, 0.909),
(-0.274, 0.115, 0.877),
(-0.257, 0.233, 0.863),
(-0.251, 0.225, 0.822),
(-0.245, 0.319, 0.838),
(-0.231, 0.390, 0.809),
(-0.228, 0.398, 0.791),
(-0.237, 0.396, 0.767),
(-0.220, 0.466, 0.763),
(-0.222, 0.486, 0.744),
(-0.229, 0.529, 0.737),
(-0.213, 0.575, 0.744),
(-0.220, 0.593, 0.746),
(-0.218, 0.667, 0.711),
(-0.212, 0.676, 0.691),
(-0.221, 0.704, 0.684),
(-0.192, 0.769, 0.696),
(-0.195, 0.728, 0.661),
(-0.187, 0.742, 0.668),
(-0.190, 0.748, 0.662),
(-0.200, 0.782, 0.666),
(-0.206, 0.784, 0.647),
(-0.210, 0.787, 0.643),
(-0.188, 0.835, 0.664),
(-0.206, 0.830, 0.652),
(-0.216, 0.898, 0.650),
(-0.217, 0.927, 0.653),
(-0.200, 0.964, 0.661),
(-0.178, 0.982, 0.665),
(-0.184, 0.961, 0.658),
(-0.161, 0.977, 0.664),
(-0.156, 0.972, 0.666),
(-0.170, 0.998, 0.672),
(-0.172, 1.029, 0.683),
(-0.168, 1.055, 0.687),
(-0.125, 1.059, 0.695),
(-0.110, 1.024, 0.701),
(-0.117, 0.981, 0.715),
(-0.136, 0.964, 0.730),
(-0.150, 0.961, 0.751),
(-0.176, 0.941, 0.772),
(-0.185, 0.928, 0.788),
(-0.158, 0.940, 0.810),
(-0.154, 0.902, 0.829),
(-0.173, 0.857, 0.848),
(-0.185, 0.820, 0.888),
(-0.202, 0.828, 0.908),
(-0.202, 0.830, 0.921),
(-0.191, 0.783, 0.920),
(-0.184, 0.759, 0.938),
(-0.207, 0.728, 0.953),
(-0.197, 0.713, 0.962),
(-0.181, 0.719, 1.002),
(-0.083, 0.656, 1.031),
(-0.048, 0.652, 1.042),
(-0.132, 0.523, 1.060),
(0.166, 0.471, 1.072),
(0.171, 0.328, 1.039),
(0.088, 0.254, 1.082),
(-0.042, 0.163, 1.036),
(-0.015, 0.200, 1.004),
(0.039, 0.208, 0.985),
(0.061, 0.199, 0.979),
(0.123, 0.167, 0.945),
(0.166, 0.109, 0.991),
(0.172, 0.057, 0.979),
(0.178, 0.027, 0.979),
(0.186, 0.020, 0.930),
(0.145, -0.083, 0.866),
(0.187, -0.197, 0.785),
(0.351, -0.202, 0.766),
(0.469, -0.224, 0.755),
(0.439, -0.206, 0.755),
(0.491, -0.174, 0.737),
(0.572, -0.144, 0.736),
(0.549, -0.126, 0.631),
(0.540, -0.081, 0.643),
(0.536, 0.003, 0.596),
(0.506, -0.023, 0.607),
(0.498, -0.018, 0.594),
(0.553, 0.069, 0.682),
(0.521, 0.102, 0.708),
(0.508, 0.130, 0.715),
(0.480, 0.145, 0.766),
(0.461, 0.155, 0.788),
(0.450, 0.160, 0.798),
(0.457, 0.174, 0.817),
(0.477, 0.176, 0.845),
(0.428, 0.167, 0.789),
(0.477, 0.167, 0.792),
(0.551, 0.175, 0.795),
(0.566, 0.187, 0.821),
(0.489, 0.173, 0.837),
(0.432, 0.164, 0.841),
(0.430, 0.157, 0.851),
(0.472, 0.163, 0.857),
(0.503, 0.150, 0.859),
(0.505, 0.142, 0.845),
(0.546, 0.148, 0.813),
(0.563, 0.134, 0.793),
(0.632, 0.106, 0.793),
(0.568, 0.075, 0.806),
(0.435, 0.043, 0.850),
(0.474, 0.058, 0.847),
(0.530, 0.066, 0.835),
(0.456, -0.009, 0.825),
(0.431, -0.023, 0.857),
(0.360, -0.016, 0.898),
(0.270, 0.002, 0.888),
(0.258, -0.006, 0.848),
(0.239, 0.014, 0.837),
(0.238, 0.011, 0.802),
(0.154, -0.004, 0.818),
(-0.012, -0.024, 0.866),
(-0.128, 0.021, 0.929),
(-0.139, 0.085, 0.956),
(-0.063, 0.108, 0.955),
(-0.048, 0.221, 0.962),
(-0.073, 0.234, 0.944),
(-0.104, 0.225, 0.924),
(-0.123, 0.208, 0.904),
(-0.102, 0.215, 0.912),
(-0.039, 0.235, 0.938),
(-0.022, 0.289, 0.960),
(-0.069, 0.341, 0.962),
(-0.125, 0.496, 1.001),
(-0.061, 0.431, 0.881),
(-0.108, 0.425, 0.911),
(-0.185, 0.515, 0.955),
(-0.164, 0.645, 0.964),
(-0.142, 0.672, 0.944),
(-0.143, 0.645, 0.876),
(-0.163, 0.620, 0.872),
(-0.186, 0.611, 0.862),
(-0.233, 0.788, 0.772),
(-0.297, 0.764, 0.756),
(-0.333, 0.758, 0.762),
(-0.227, 0.699, 0.710),
(-0.158, 0.698, 0.717),
(-0.133, 0.659, 0.730),
(-0.181, 0.663, 0.725),
(-0.246, 0.766, 0.753),
(-0.287, 0.683, 0.662),
(-0.236, 0.723, 0.724),
(-0.207, 0.717, 0.752),
(-0.275, 0.684, 0.709),
(-0.303, 0.674, 0.684),
(-0.305, 0.727, 0.697),
(-0.271, 0.805, 0.701),
(-0.315, 0.944, 0.730),
(-0.327, 0.960, 0.698),
(-0.288, 1.026, 0.742),
(-0.265, 0.972, 0.715),
(-0.286, 1.071, 0.724),
(-0.308, 1.106, 0.719),
(-0.325, 1.097, 0.718),
(-0.305, 1.128, 0.721),
(-0.246, 1.111, 0.747),
(-0.242, 1.070, 0.736),
(-0.239, 1.053, 0.759),
(-0.228, 0.998, 0.756),
(-0.269, 0.947, 0.757),
(-0.249, 0.925, 0.772),
(-0.241, 0.879, 0.774),
(-0.234, 0.836, 0.759),
(-0.179, 0.813, 0.783),
(-0.171, 0.749, 0.762),
(-0.181, 0.733, 0.755),
(-0.190, 0.711, 0.751),
(-0.174, 0.685, 0.772),
(-0.144, 0.655, 0.781),
(-0.145, 0.627, 0.789),
(-0.157, 0.625, 0.797),
(-0.147, 0.609, 0.795),
(-0.138, 0.579, 0.783),
(-0.131, 0.603, 0.788),
(-0.114, 0.599, 0.781),
(-0.093, 0.561, 0.756),
(-0.099, 0.546, 0.751),
(-0.097, 0.513, 0.752),
(-0.095, 0.490, 0.761),
(-0.081, 0.495, 0.767),
(-0.086, 0.508, 0.784),
(-0.114, 0.513, 0.790),
(-0.127, 0.505, 0.767),
(-0.096, 0.519, 0.832),
(-0.066, 0.467, 0.781),
(-0.073, 0.470, 0.846),
(-0.077, 0.449, 0.817),
(-0.100, 0.419, 0.801),
(-0.120, 0.460, 0.848),
(-0.122, 0.459, 0.848),
(-0.143, 0.453, 0.855),
(-0.144, 0.439, 0.861),
(-0.153, 0.413, 0.874),
(-0.150, 0.392, 0.861),
(-0.141, 0.362, 0.840),
(-0.142, 0.334, 0.850),
(-0.166, 0.317, 0.850),
(-0.177, 0.277, 0.837),
(-0.199, 0.257, 0.871),
(-0.216, 0.229, 0.862),
(-0.229, 0.232, 0.872),
(-0.243, 0.244, 0.913),
(-0.246, 0.206, 0.906),
(-0.238, 0.077, 0.862),
(-0.284, 0.006, 0.849),
(-0.325, -0.023, 0.896),
(-0.315, -0.085, 0.879),
(-0.362, -0.133, 0.904),
(-0.377, -0.129, 0.917),
(-0.387, -0.124, 0.903),
(-0.399, -0.120, 0.955),
(-0.264, -0.208, 0.843),
(-0.197, -0.330, 0.765),
(-0.251, -0.366, 0.802),
(-0.302, -0.366, 0.852),
(-0.342, -0.408, 0.871),
(-0.346, -0.430, 0.851),
(-0.358, -0.448, 0.877),
(-0.341, -0.489, 0.890),
(-0.223, -0.650, 0.685),
(-0.186, -0.744, 0.725),
(-0.195, -0.784, 0.730),
(-0.238, -0.794, 0.735),
(-0.217, -0.824, 0.752),
(-0.177, -0.834, 0.756),
(-0.170, -0.827, 0.736),
(-0.180, -0.813, 0.688),
(-0.188, -0.808, 0.547),
(-0.208, -0.882, 0.561),
(-0.228, -0.946, 0.546),
(-0.202, -0.947, 0.496),
(-0.138, -1.009, 0.459),
(-0.096, -1.041, 0.468),
(-0.057, -1.037, 0.466),
(-0.034, -1.042, 0.422),
(-0.011, -1.059, 0.356),
(0.000, -1.085, 0.316),
(0.007, -1.127, 0.316),
(0.003, -1.137, 0.302),
(0.067, -1.129, 0.286),
(0.094, -1.138, 0.287),
(0.114, -1.133, 0.291),
(0.127, -1.126, 0.282),
(0.131, -1.136, 0.250),
(0.130, -1.123, 0.240),
(0.135, -1.104, 0.228),
(0.139, -1.088, 0.215),
(0.134, -1.043, 0.203),
(0.140, -1.023, 0.193),
(0.142, -1.006, 0.183),
(0.146, -0.991, 0.170),
(0.177, -0.959, 0.140),
(0.196, -0.966, 0.121),
(0.203, -0.982, 0.116),
(0.184, -0.999, 0.124),
(0.168, -1.028, 0.133),
(0.188, -1.028, 0.137),
(0.218, -1.026, 0.147),
(0.243, -1.034, 0.154),
(0.233, -1.046, 0.143),
(0.215, -1.057, 0.131),
(0.200, -1.059, 0.122),
(0.188, -1.035, 0.114),
(0.161, -0.963, 0.110),
(0.163, -0.940, 0.110),
(0.174, -0.919, 0.104),
(0.184, -0.908, 0.088),
(0.192, -0.916, 0.051),
(0.194, -0.921, 0.044),
(0.189, -0.926, 0.054),
(0.179, -0.934, 0.067),
(0.190, -0.938, 0.083),
(0.199, -0.938, 0.088),
(0.202, -0.933, 0.095),
(0.201, -0.930, 0.100),
(0.200, -0.947, 0.103),
(0.178, -0.943, 0.112),
(0.155, -0.928, 0.128),
(0.129, -0.920, 0.132),
(0.112, -0.908, 0.136),
(0.107, -0.888, 0.137),
(0.104, -0.876, 0.130),
(0.114, -0.883, 0.125),
(0.133, -0.895, 0.116),
(0.079, -0.852, 0.195),
(0.085, -0.920, 0.221),
(0.081, -0.910, 0.226),
(0.078, -0.909, 0.230),
(0.105, -0.901, 0.245),
(0.113, -0.906, 0.252),
(0.114, -0.916, 0.257),
(0.109, -0.927, 0.257),
(0.119, -0.936, 0.235),
(0.132, -0.931, 0.239),
(0.138, -0.928, 0.245),
(0.145, -0.929, 0.246),
(0.117, -0.932, 0.238),
(0.124, -0.933, 0.234),
(0.124, -0.932, 0.235),
(0.131, -0.936, 0.235),
(0.142, -0.942, 0.230),
(0.147, -0.946, 0.228),
(0.153, -0.948, 0.221),
(0.156, -0.949, 0.218),
(0.156, -0.951, 0.211),
(0.156, -0.949, 0.211),
(0.154, -0.945, 0.216),
(0.154, -0.942, 0.222),
(0.151, -0.938, 0.222),
(0.150, -0.940, 0.224),
(0.149, -0.945, 0.227),
(0.145, -0.949, 0.226),
(0.136, -0.956, 0.226),
(0.136, -0.954, 0.219),
(0.141, -0.949, 0.215),
(0.145, -0.944, 0.212),
(0.142, -0.936, 0.207),
(0.140, -0.934, 0.205),
(0.138, -0.934, 0.197),
(0.135, -0.936, 0.194),
(0.133, -0.938, 0.189),
(0.135, -0.938, 0.184),
(0.136, -0.940, 0.181),
(0.137, -0.945, 0.165),
(0.135, -0.939, 0.163),
(0.127, -0.933, 0.166),
(0.124, -0.929, 0.168),
(0.124, -0.927, 0.163),
(0.121, -0.927, 0.168),
(0.119, -0.927, 0.167),
(0.117, -0.924, 0.166),
(0.113, -0.922, 0.168),
(0.113, -0.923, 0.169),
(0.111, -0.922, 0.167),
(0.108, -0.921, 0.170),
(0.108, -0.924, 0.167),
(0.106, -0.921, 0.169),
(0.106, -0.920, 0.165),
(0.103, -0.920, 0.162),
(0.110, -0.926, 0.164),
(0.110, -0.927, 0.166),
(0.110, -0.931, 0.173),
(0.110, -0.930, 0.177),
(0.115, -0.925, 0.173),
(0.119, -0.922, 0.173),
(0.118, -0.917, 0.175),
(0.116, -0.916, 0.176),
(0.112, -0.917, 0.172),
(0.113, -0.920, 0.172),
(0.117, -0.925, 0.174),
(0.127, -0.925, 0.187),
(0.125, -0.928, 0.193),
(0.122, -0.927, 0.200),
(0.119, -0.928, 0.204),
(0.123, -0.938, 0.205),
(0.120, -0.937, 0.201),
(0.121, -0.937, 0.198),
(0.119, -0.939, 0.197),
(0.117, -0.941, 0.194),
(0.117, -0.947, 0.194),
(0.126, -0.949, 0.194),
(0.146, -0.963, 0.190),
(0.161, -0.967, 0.180),
(0.166, -0.968, 0.162),
(0.158, -0.976, 0.150),
(0.177, -0.970, 0.147),
(0.187, -0.954, 0.123),
(0.168, -0.959, 0.112),
(0.157, -0.967, 0.114),
(0.157, -0.977, 0.125),
(0.153, -1.001, 0.159),
(0.139, -1.034, 0.167),
(0.106, -1.074, 0.173),
(0.030, -1.144, 0.196),
(0.012, -1.165, 0.206),
(0.012, -1.176, 0.233),
(0.024, -1.151, 0.251),
(-0.035, -1.122, 0.331),
(-0.077, -1.108, 0.380),
(-0.102, -1.101, 0.397),
(-0.120, -1.080, 0.442),
(-0.102, -1.008, 0.518),
(-0.100, -0.978, 0.542),
(-0.130, -0.908, 0.540),
(-0.193, -0.870, 0.546),
(-0.252, -0.845, 0.548),
(-0.252, -0.819, 0.574),
(-0.251, -0.823, 0.619),
(-0.243, -0.823, 0.658),
(-0.208, -0.765, 0.742),
(-0.206, -0.720, 0.768),
(-0.230, -0.686, 0.811),
(-0.272, -0.656, 0.855),
(-0.341, -0.600, 0.895),
(-0.336, -0.602, 0.910),
(-0.342, -0.584, 0.927),
(-0.333, -0.558, 0.957),
(-0.333, -0.548, 1.001),
(-0.382, -0.376, 1.023),
(-0.412, -0.318, 1.033),
(-0.408, -0.225, 1.064),
(-0.311, -0.160, 1.088),
(-0.322, -0.156, 1.072),
(-0.358, -0.137, 1.042),
(-0.337, -0.099, 1.014),
(-0.322, 0.050, 1.026),
(-0.306, 0.089, 0.989),
(-0.306, 0.113, 0.947),
(-0.281, 0.115, 0.925),
(-0.249, 0.139, 0.876),
(-0.281, 0.164, 0.827),
(-0.276, 0.217, 0.800),
(-0.231, 0.259, 0.777),
(-0.216, 0.335, 0.718),
(-0.160, 0.378, 0.674),
(-0.155, 0.404, 0.653),
(-0.177, 0.386, 0.621),
(-0.173, 0.443, 0.613),
(-0.101, 0.619, 0.570),
(-0.104, 0.626, 0.558),
(-0.102, 0.656, 0.553),
(-0.094, 0.699, 0.555),
(-0.084, 0.748, 0.557),
(-0.067, 0.767, 0.570),
(-0.066, 0.777, 0.567),
(-0.052, 0.868, 0.607),
(-0.062, 0.886, 0.617),
(-0.075, 0.896, 0.614),
(-0.076, 0.935, 0.639),
(-0.074, 0.949, 0.653),
(-0.072, 0.982, 0.666),
(-0.124, 1.076, 0.688),
(-0.097, 1.093, 0.705),
(-0.083, 1.111, 0.726),
(-0.102, 1.041, 0.762),
(-0.107, 1.025, 0.784),
(-0.112, 1.013, 0.792),
(-0.120, 1.007, 0.811),
(-0.088, 1.093, 0.857),
(-0.099, 1.065, 0.894),
(-0.159, 1.004, 0.893),
(-0.197, 0.918, 0.893),
(-0.194, 0.861, 0.980),
(-0.195, 0.765, 0.984),
(-0.254, 0.698, 0.985),
(-0.263, 0.700, 0.937),
(-0.186, 0.727, 1.049),
(-0.212, 0.644, 1.001),
(-0.198, 0.602, 1.023),
(-0.173, 0.570, 1.050),
(-0.076, 0.415, 1.067),
(-0.136, 0.377, 1.087),
(-0.170, 0.365, 1.039),
(-0.125, 0.384, 0.997),
(-0.148, 0.320, 0.987),
(-0.110, 0.261, 0.981),
(-0.003, 0.185, 0.996),
(0.129, 0.150, 1.026),
(0.144, 0.039, 1.014),
(0.108, -0.012, 0.989),
(0.145, -0.026, 0.915),
(0.238, -0.011, 0.851),
(0.237, -0.181, 0.820),
(0.236, -0.284, 0.728),
(0.351, -0.383, 0.703),
(0.451, -0.389, 0.756),
(0.578, -0.375, 0.742),
(0.662, -0.349, 0.686),
(0.751, -0.273, 0.661),
(0.762, -0.181, 0.612),
(0.661, -0.167, 0.557),
(0.644, -0.174, 0.556),
(0.690, -0.149, 0.580),
(0.753, -0.134, 0.594),
(0.767, -0.008, 0.580),
(0.744, 0.014, 0.601),
(0.688, -0.005, 0.614),
(0.643, -0.003, 0.625),
(0.625, 0.008, 0.675),
(0.610, 0.008, 0.741),
(0.564, 0.014, 0.800),
(0.553, 0.040, 0.823),
(0.591, 0.073, 0.821),
(0.609, 0.076, 0.806),
(0.634, 0.059, 0.798),
(0.645, 0.040, 0.783),
(0.566, 0.016, 0.865),
(0.548, 0.015, 0.854),
(0.517, 0.021, 0.846),
(0.519, 0.017, 0.813),
(0.588, 0.021, 0.775),
(0.611, 0.008, 0.784),
(0.595, -0.014, 0.789),
(0.555, -0.024, 0.792),
(0.428, -0.047, 0.836),
(0.409, -0.055, 0.837),
(0.416, -0.046, 0.847),
(0.435, -0.027, 0.844),
(0.378, -0.036, 0.896),
(0.385, -0.056, 0.836),
(0.348, -0.073, 0.806),
(0.331, -0.081, 0.828),
(0.240, -0.014, 0.902),
(0.146, 0.007, 0.910),
(0.083, 0.017, 0.911),
(0.083, 0.038, 0.926),
(0.194, 0.061, 0.888),
(0.193, 0.052, 0.875),
(0.135, 0.105, 0.903),
(0.064, 0.180, 0.907),
(0.024, 0.211, 0.924),
(0.045, 0.205, 0.901),
(0.050, 0.204, 0.871),
(0.039, 0.217, 0.844),
(-0.013, 0.314, 0.910),
(-0.109, 0.356, 0.792),
(-0.126, 0.646, 0.859),
(-0.118, 0.594, 0.779),
(-0.119, 0.547, 0.735),
(-0.131, 0.561, 0.790),
(-0.133, 0.629, 0.811),
(-0.133, 0.696, 0.817),
(-0.134, 0.712, 0.779),
(-0.170, 0.707, 0.774),
(-0.245, 0.570, 0.710),
(-0.242, 0.572, 0.730),
(-0.300, 0.606, 0.712),
(-0.319, 0.666, 0.746),
(-0.303, 0.646, 0.710),
(-0.379, 0.766, 0.736),
(-0.404, 0.836, 0.781),
(-0.421, 0.874, 0.777),
(-0.448, 0.958, 0.744),
(-0.402, 1.045, 0.741),
(-0.380, 1.053, 0.692),
(-0.428, 1.318, 0.764),
(-0.401, 1.330, 0.782),
(-0.369, 1.314, 0.795),
(-0.302, 1.195, 0.868),
(-0.289, 1.137, 0.867),
(-0.263, 1.082, 0.863),
(-0.234, 1.032, 0.884),
(-0.258, 0.888, 0.830),
(-0.248, 0.883, 0.840),
(-0.237, 0.869, 0.846),
(-0.251, 0.813, 0.823),
(-0.236, 0.777, 0.788),
(-0.230, 0.748, 0.771),
(-0.232, 0.710, 0.750),
(-0.233, 0.695, 0.740),
(-0.228, 0.697, 0.720),
(-0.214, 0.705, 0.721),
(-0.190, 0.713, 0.736),
(-0.184, 0.677, 0.728),
(-0.122, 0.677, 0.727),
(-0.116, 0.628, 0.677),
(-0.110, 0.616, 0.656),
(-0.111, 0.577, 0.671),
(-0.127, 0.598, 0.634),
(-0.124, 0.603, 0.652),
(-0.108, 0.585, 0.663),
(-0.074, 0.569, 0.686),
(-0.114, 0.568, 0.701),
(-0.122, 0.595, 0.677),
(-0.126, 0.586, 0.673),
(-0.130, 0.559, 0.675),
(-0.134, 0.513, 0.687),
(-0.149, 0.486, 0.711),
(-0.130, 0.481, 0.747),
(-0.098, 0.463, 0.784),
(-0.112, 0.328, 0.811),
(-0.160, 0.318, 0.826),
(-0.192, 0.298, 0.869),
(-0.190, 0.332, 0.999),
(-0.191, 0.264, 0.956),
(-0.233, 0.212, 0.949),
(-0.235, 0.141, 0.934),
(-0.244, 0.156, 0.970),
(-0.214, -0.086, 0.996),
(-0.230, -0.095, 0.985),
(-0.248, -0.093, 0.979),
(-0.260, -0.084, 1.010),
(-0.240, -0.100, 0.953),
(-0.231, -0.154, 0.882),
(-0.246, -0.199, 0.860),
(-0.222, -0.305, 0.795),
(-0.256, -0.327, 0.774),
(-0.294, -0.334, 0.802),
(-0.321, -0.354, 0.763),
(-0.313, -0.382, 0.764),
(-0.298, -0.393, 0.768),
(-0.211, -0.511, 0.659),
(-0.231, -0.544, 0.688),
(-0.245, -0.601, 0.716),
(-0.237, -0.635, 0.693),
(-0.187, -0.709, 0.595),
(-0.173, -0.790, 0.575),
(-0.158, -0.854, 0.592),
(-0.141, -0.911, 0.597),
(-0.129, -0.929, 0.597),
(-0.101, -0.956, 0.618),
(-0.055, -0.964, 0.623),
(-0.028, -0.977, 0.567),
(-0.010, -1.021, 0.510),
(0.015, -1.049, 0.479),
(0.030, -1.056, 0.428),
(0.051, -1.066, 0.414),
(0.061, -1.073, 0.391),
(0.074, -1.094, 0.392),
(0.097, -1.094, 0.384),
(0.127, -1.080, 0.369),
(0.175, -1.075, 0.335),
(0.181, -1.076, 0.313),
(0.181, -1.084, 0.291),
(0.178, -1.082, 0.266),
(0.197, -1.061, 0.225),
(0.219, -1.068, 0.200),
(0.242, -1.073, 0.177),
(0.262, -1.076, 0.175),
(0.263, -1.079, 0.176),
(0.272, -1.076, 0.148),
(0.284, -1.055, 0.140),
(0.294, -1.035, 0.138),
(0.252, -0.984, 0.160),
(0.237, -0.974, 0.171),
(0.223, -0.954, 0.186),
(0.204, -0.943, 0.194),
(0.187, -0.927, 0.211),
(0.182, -0.917, 0.221),
(0.175, -0.908, 0.234),
(0.173, -0.903, 0.252),
(0.173, -0.885, 0.265),
(0.179, -0.877, 0.269),
(0.179, -0.874, 0.268),
(0.174, -0.875, 0.271),
(0.178, -0.880, 0.272),
(0.183, -0.892, 0.270),
(0.176, -0.897, 0.270),
(0.168, -0.891, 0.266),
(0.178, -0.880, 0.256),
(0.225, -0.880, 0.235),
(0.227, -0.884, 0.228),
(0.229, -0.891, 0.213),
(0.211, -0.925, 0.196),
(0.202, -0.929, 0.195),
(0.194, -0.932, 0.196),
(0.187, -0.937, 0.188),
(0.169, -0.930, 0.174),
(0.162, -0.920, 0.177),
(0.111, -0.884, 0.200),
(0.104, -0.892, 0.200),
(0.095, -0.897, 0.191),
(0.102, -0.888, 0.162),
(0.114, -0.886, 0.159),
(0.128, -0.886, 0.156),
(0.138, -0.889, 0.153),
(0.142, -0.900, 0.141),
(0.143, -0.904, 0.135),
(0.147, -0.911, 0.128),
(0.151, -0.916, 0.120),
(0.157, -0.928, 0.116),
(0.160, -0.943, 0.105),
(0.158, -0.947, 0.102),
(0.153, -0.952, 0.097),
(0.135, -0.948, 0.122),
(0.129, -0.941, 0.133),
(0.126, -0.933, 0.151),
(0.131, -0.930, 0.165),
(0.140, -0.930, 0.180),
(0.137, -0.931, 0.184),
(0.135, -0.926, 0.191),
(0.132, -0.925, 0.193),
(0.143, -0.923, 0.196),
(0.148, -0.929, 0.192),
(0.156, -0.936, 0.180),
(0.164, -0.943, 0.172),
(0.167, -0.961, 0.153),
(0.173, -0.970, 0.146),
(0.178, -0.971, 0.136),
(0.191, -0.973, 0.130),
(0.221, -0.976, 0.138),
(0.215, -0.980, 0.139),
(0.195, -0.972, 0.152),
(0.171, -0.966, 0.163),
(0.153, -0.959, 0.165),
(0.145, -0.949, 0.166),
(0.148, -0.940, 0.167),
(0.148, -0.928, 0.167),
(0.136, -0.925, 0.160),
(0.130, -0.925, 0.156),
(0.123, -0.928, 0.154),
(0.119, -0.932, 0.149),
(0.122, -0.949, 0.137),
(0.122, -0.954, 0.135),
(0.120, -0.964, 0.134),
(0.117, -0.969, 0.132),
(0.111, -0.973, 0.131),
(0.115, -0.973, 0.123),
(0.118, -0.974, 0.116),
(0.122, -0.973, 0.115),
(0.113, -0.972, 0.118),
(0.108, -0.968, 0.130),
(0.104, -0.963, 0.138),
(0.100, -0.960, 0.144),
(0.103, -0.952, 0.158),
(0.101, -0.952, 0.157),
(0.102, -0.956, 0.155),
(0.099, -0.954, 0.156),
(0.077, -0.932, 0.187),
(0.071, -0.918, 0.203),
(0.063, -0.902, 0.217),
(0.061, -0.892, 0.227),
(0.070, -0.899, 0.227),
(0.079, -0.908, 0.219),
(0.085, -0.918, 0.206),
(0.091, -0.925, 0.193),
(0.087, -0.935, 0.178),
(0.145, -0.950, 0.142),
(0.162, -0.962, 0.133),
(0.174, -0.967, 0.127),
(0.189, -0.989, 0.106),
(0.188, -0.984, 0.108),
(0.187, -0.979, 0.108),
(0.181, -0.978, 0.109),
(0.171, -0.974, 0.110),
(0.165, -0.968, 0.109),
(0.155, -0.959, 0.115),
(0.143, -0.952, 0.125),
(0.128, -0.948, 0.131),
(0.090, -0.903, 0.168),
(0.087, -0.897, 0.176),
(0.086, -0.897, 0.186),
(0.073, -0.913, 0.198),
(0.084, -0.918, 0.195),
(0.098, -0.920, 0.194),
(0.108, -0.916, 0.194),
(0.113, -0.917, 0.196),
(0.114, -0.924, 0.199),
(0.113, -0.930, 0.196),
(0.110, -0.934, 0.196),
(0.106, -0.940, 0.202),
(0.109, -0.942, 0.200),
(0.109, -0.946, 0.198),
(0.109, -0.944, 0.201),
(0.119, -0.941, 0.204),
(0.126, -0.936, 0.202),
(0.133, -0.928, 0.202),
(0.140, -0.925, 0.201),
(0.147, -0.927, 0.204),
(0.147, -0.928, 0.202),
(0.141, -0.925, 0.204),
(0.133, -0.920, 0.203),
(0.132, -0.917, 0.197),
(0.137, -0.917, 0.190),
(0.138, -0.918, 0.182),
(0.137, -0.922, 0.177),
(0.141, -0.921, 0.171),
(0.142, -0.922, 0.164),
(0.143, -0.925, 0.163),
(0.139, -0.927, 0.159),
(0.133, -0.923, 0.158),
(0.138, -0.924, 0.154),
(0.137, -0.925, 0.155),
(0.135, -0.931, 0.154),
(0.127, -0.928, 0.156),
(0.119, -0.929, 0.155),
(0.111, -0.931, 0.154),
(0.109, -0.933, 0.158),
(0.106, -0.939, 0.164),
(0.107, -0.937, 0.165),
(0.107, -0.937, 0.165),
(0.109, -0.938, 0.165),
(0.114, -0.930, 0.156),
(0.116, -0.932, 0.159),
(0.116, -0.941, 0.159),
(0.116, -0.947, 0.157),
(0.108, -0.952, 0.163),
(0.109, -0.949, 0.164),
(0.115, -0.943, 0.171),
(0.120, -0.939, 0.178),
(0.131, -0.934, 0.196),
(0.130, -0.940, 0.201),
(0.130, -0.950, 0.199),
(0.135, -0.954, 0.195),
(0.150, -0.950, 0.179),
(0.153, -0.950, 0.170),
(0.149, -0.948, 0.165),
(0.146, -0.949, 0.162),
(0.139, -0.950, 0.154),
(0.136, -0.948, 0.152),
(0.131, -0.946, 0.146),
(0.129, -0.951, 0.139),
(0.123, -0.952, 0.137),
(0.117, -0.954, 0.135),
(0.112, -0.954, 0.130),
(0.112, -0.953, 0.123),
(0.113, -0.952, 0.117),
(0.117, -0.953, 0.110),
(0.115, -0.952, 0.108),
(0.114, -0.967, 0.106),
(0.119, -0.971, 0.103),
(0.121, -0.968, 0.095),
(0.125, -0.961, 0.091),
(0.134, -0.956, 0.093),
(0.135, -0.964, 0.092),
(0.135, -0.970, 0.094),
(0.133, -0.971, 0.094),
(0.128, -0.971, 0.102),
(0.128, -0.965, 0.105),
(0.127, -0.961, 0.108),
(0.129, -0.961, 0.115),
(0.132, -0.960, 0.123),
(0.131, -0.960, 0.125),
(0.131, -0.962, 0.126),
(0.134, -0.960, 0.126),
(0.146, -0.955, 0.123),
(0.150, -0.947, 0.122),
(0.153, -0.940, 0.125),
(0.155, -0.938, 0.117),
(0.141, -0.941, 0.118),
(0.140, -0.944, 0.115),
(0.142, -0.947, 0.112),
(0.149, -0.951, 0.104),
(0.158, -0.945, 0.084),
(0.158, -0.939, 0.076),
(0.157, -0.930, 0.072),
(0.157, -0.919, 0.068),
(0.159, -0.914, 0.082),
(0.155, -0.920, 0.091),
(0.150, -0.925, 0.091),
(0.154, -0.922, 0.084),
(0.155, -0.909, 0.080),
(0.156, -0.911, 0.081),
(0.148, -0.919, 0.087),
(0.132, -0.932, 0.098),
(0.134, -0.937, 0.100),
(0.139, -0.938, 0.099),
(0.159, -0.934, 0.099),
(0.161, -0.938, 0.100),
(0.164, -0.942, 0.102),
(0.160, -0.940, 0.103),
(0.164, -0.933, 0.100),
(0.176, -0.930, 0.096),
(0.190, -0.935, 0.101),
(0.198, -0.940, 0.114),
(0.190, -0.942, 0.143),
(0.189, -0.941, 0.155),
(0.194, -0.940, 0.157),
(0.199, -0.940, 0.170),
(0.200, -0.943, 0.185),
(0.198, -0.945, 0.190),
(0.195, -0.945, 0.193),
(0.190, -0.946, 0.194),
(0.188, -0.945, 0.198),
(0.162, -0.938, 0.191),
(0.122, -0.953, 0.169),
(0.131, -0.953, 0.184),
(0.140, -0.952, 0.181),
(0.172, -0.953, 0.177),
(0.157, -0.946, 0.163),
(0.131, -0.950, 0.158),
(0.119, -0.951, 0.161),
(0.176, -0.981, 0.127),
(0.164, -0.978, 0.131),
(0.153, -0.973, 0.129),
(0.138, -0.978, 0.131),
(0.127, -0.981, 0.133),
(0.127, -0.985, 0.137),
(0.045, -0.971, 0.242),
(0.011, -0.974, 0.279),
(-0.033, -0.975, 0.323),
(-0.092, -0.957, 0.518),
(-0.096, -0.958, 0.563),
(-0.125, -0.943, 0.614),
(-0.148, -0.937, 0.680),
(-0.169, -0.917, 0.748),
(-0.208, -0.887, 0.806),
(-0.271, -0.866, 0.864),
(-0.331, -0.850, 0.915),
(-0.300, -0.787, 0.980),
(-0.340, -0.609, 0.987),
(-0.309, -0.572, 0.999),
(-0.287, -0.549, 1.028),
(-0.327, -0.506, 1.020),
(-0.369, -0.483, 1.001),
(-0.371, -0.458, 0.998),
(-0.343, -0.438, 1.002),
(-0.286, -0.370, 1.029),
(-0.273, -0.371, 1.007),
(-0.261, -0.364, 1.004),
(-0.254, -0.335, 0.985),
(-0.273, -0.277, 1.005),
(-0.284, -0.255, 0.971),
(-0.289, -0.240, 0.939),
(-0.276, -0.198, 0.928),
(-0.251, -0.162, 0.917),
(-0.223, -0.131, 0.915),
(-0.195, -0.103, 0.903),
(-0.196, -0.075, 0.901),
(-0.214, -0.002, 0.864),
(-0.176, 0.008, 0.832),
(-0.154, 0.025, 0.809),
(-0.176, 0.076, 0.826),
(-0.170, 0.104, 0.755),
(-0.118, 0.135, 0.741),
(-0.086, 0.097, 0.707),
(-0.114, 0.117, 0.699),
(-0.117, 0.220, 0.701),
(-0.116, 0.221, 0.669),
(-0.116, 0.258, 0.648),
(-0.101, 0.317, 0.651),
(-0.083, 0.350, 0.627),
(-0.100, 0.375, 0.622),
(-0.111, 0.375, 0.607),
(-0.084, 0.459, 0.598),
(-0.095, 0.473, 0.577),
(-0.109, 0.518, 0.576),
(-0.167, 0.685, 0.605),
(-0.225, 0.795, 0.620),
(-0.183, 0.904, 0.647),
(-0.145, 0.974, 0.659),
(-0.121, 1.076, 0.699),
(-0.130, 1.107, 0.714),
(-0.145, 1.111, 0.711),
(-0.140, 1.154, 0.724),
(-0.084, 1.174, 0.733),
(-0.073, 1.169, 0.736),
(-0.068, 1.180, 0.760),
(-0.075, 1.178, 0.788),
(-0.106, 1.179, 0.797),
(-0.107, 1.196, 0.806),
(-0.210, 0.974, 0.855),
(-0.214, 0.986, 0.880),
(-0.198, 0.976, 0.903),
(-0.247, 0.925, 0.937),
(-0.286, 0.905, 0.961),
(-0.296, 0.908, 0.973),
(-0.289, 0.886, 0.982),
(-0.276, 0.822, 0.961),
(-0.241, 0.862, 1.018),
(-0.223, 0.815, 1.046),
(-0.192, 0.746, 1.064),
(-0.218, 0.639, 1.127),
(-0.223, 0.593, 1.169),
(-0.272, 0.537, 1.142),
(-0.308, 0.526, 1.067),
(-0.280, 0.550, 1.032),
(-0.255, 0.522, 1.088),
(-0.243, 0.487, 1.113),
(-0.116, 0.427, 1.091),
(0.160, 0.097, 1.095),
(0.018, 0.048, 1.173),
(-0.161, 0.016, 1.107),
(-0.246, 0.011, 0.972),
(-0.107, 0.031, 0.956),
(-0.005, -0.011, 0.922),
(0.199, -0.120, 0.826),
(0.380, -0.250, 0.808),
(0.279, -0.293, 0.885),
(0.153, -0.329, 0.828),
(0.300, -0.066, 0.892),
(0.333, -0.094, 0.818),
(0.338, -0.127, 0.738),
(0.593, -0.147, 0.701),
(0.644, -0.126, 0.706),
(0.605, -0.072, 0.680),
(0.639, -0.040, 0.589),
(0.638, -0.050, 0.528),
(0.567, -0.044, 0.482),
(0.486, -0.023, 0.507),
(0.414, -0.015, 0.600),
(0.367, 0.011, 0.741),
(0.455, 0.052, 0.749),
(0.500, 0.096, 0.803),
(0.526, 0.122, 0.816),
(0.519, 0.118, 0.824),
(0.473, 0.115, 0.814),
(0.435, 0.106, 0.787),
(0.400, 0.086, 0.766),
(0.424, 0.076, 0.801),
(0.502, 0.079, 0.841),
(0.512, 0.096, 0.904),
(0.503, 0.115, 0.928),
(0.501, 0.106, 0.928),
(0.490, 0.100, 0.911),
(0.473, 0.103, 0.910),
(0.495, 0.095, 0.880),
(0.490, 0.049, 0.845),
(0.503, 0.045, 0.845),
(0.504, 0.032, 0.869),
(0.469, 0.001, 0.893),
(0.481, -0.020, 0.843),
(0.517, -0.019, 0.854),
(0.549, -0.028, 0.854),
(0.562, -0.028, 0.831),
(0.475, -0.014, 0.867),
(0.423, -0.032, 0.880),
(0.336, -0.046, 0.910),
(0.257, -0.061, 0.900),
(0.294, -0.075, 0.803),
(0.325, -0.060, 0.840),
(0.277, -0.065, 0.922),
(0.229, -0.086, 0.944),
(0.180, -0.078, 0.934),
(0.128, -0.033, 0.936),
(0.091, 0.000, 0.947),
(0.062, 0.010, 0.936),
(0.118, 0.098, 0.915),
(0.133, 0.141, 0.948),
(0.024, 0.163, 1.013),
(-0.069, 0.197, 1.015),
(0.093, 0.266, 1.029),
(0.188, 0.290, 1.014),
(0.159, 0.323, 1.004),
(0.055, 0.360, 0.970),
(-0.040, 0.381, 0.924),
(-0.023, 0.444, 0.947),
(0.012, 0.505, 0.963),
(-0.016, 0.524, 0.975),
(-0.033, 0.543, 0.887),
(-0.038, 0.549, 0.868),
(-0.057, 0.564, 0.851),
(-0.064, 0.551, 0.792),
(-0.085, 0.625, 0.890),
(-0.086, 0.695, 0.896),
(-0.038, 0.750, 0.875),
(-0.000, 0.744, 0.861),
(-0.041, 0.668, 0.780),
(-0.060, 0.667, 0.778),
(-0.103, 0.702, 0.789),
(-0.105, 0.728, 0.782),
(-0.118, 0.687, 0.727),
(-0.102, 0.733, 0.725),
(-0.067, 0.800, 0.737),
(-0.069, 0.781, 0.700),
(-0.105, 0.854, 0.744),
(-0.082, 0.844, 0.723),
(-0.063, 0.764, 0.703),
(-0.092, 0.689, 0.706),
(-0.151, 0.705, 0.718),
(-0.138, 0.731, 0.704),
(-0.131, 0.759, 0.730),
(-0.121, 0.719, 0.706),
(-0.155, 0.695, 0.665),
(-0.176, 0.770, 0.706),
(-0.160, 0.829, 0.746),
(-0.160, 0.833, 0.755),
(-0.113, 0.892, 0.809),
(-0.114, 0.963, 0.869),
(-0.108, 0.993, 0.849),
(-0.066, 1.025, 0.866),
(-0.071, 0.992, 0.861),
(-0.084, 0.972, 0.856),
(-0.074, 0.949, 0.853),
(-0.061, 0.997, 0.887),
(-0.062, 1.000, 0.917),
(-0.055, 0.976, 0.934),
(-0.069, 0.921, 0.905),
(-0.088, 0.912, 0.893),
(-0.058, 0.852, 0.865),
(-0.046, 0.846, 0.857),
(-0.045, 0.808, 0.830),
(-0.052, 0.768, 0.819),
(-0.030, 0.699, 0.797),
(-0.037, 0.658, 0.789),
(-0.014, 0.640, 0.796),
(0.017, 0.625, 0.816),
(0.020, 0.600, 0.800),
(0.012, 0.603, 0.772),
(-0.010, 0.581, 0.740),
(-0.030, 0.571, 0.724),
(-0.062, 0.525, 0.729),
(-0.037, 0.509, 0.749),
(-0.026, 0.452, 0.717),
(-0.032, 0.415, 0.729),
(-0.073, 0.415, 0.782),
(-0.115, 0.401, 0.788),
(-0.150, 0.439, 0.793),
(-0.117, 0.458, 0.809),
(-0.087, 0.373, 0.803),
(-0.077, 0.372, 0.856),
(-0.068, 0.362, 0.850),
(-0.071, 0.351, 0.847),
(-0.068, 0.375, 0.870),
(-0.086, 0.365, 0.880),
(-0.101, 0.375, 0.911),
(-0.110, 0.351, 0.900),
(-0.126, 0.280, 0.964),
(-0.146, 0.215, 0.932),
(-0.188, 0.192, 0.926),
(-0.197, 0.206, 0.976),
(-0.184, 0.146, 0.952),
(-0.215, 0.047, 0.913),
(-0.294, -0.177, 0.891),
(-0.321, -0.235, 0.864),
(-0.377, -0.299, 0.866),
(-0.358, -0.305, 0.915),
(-0.328, -0.310, 0.899),
(-0.290, -0.368, 0.871),
(-0.303, -0.391, 0.831),
(-0.317, -0.406, 0.848),
(-0.335, -0.417, 0.880),
(-0.324, -0.452, 0.873),
(-0.321, -0.481, 0.804),
(-0.323, -0.540, 0.768),
(-0.330, -0.576, 0.769),
(-0.317, -0.579, 0.826),
(-0.268, -0.586, 0.786),
(-0.223, -0.632, 0.792),
(-0.185, -0.703, 0.790),
(-0.154, -0.792, 0.718),
(-0.133, -0.823, 0.682),
(-0.106, -0.822, 0.646),
(-0.072, -0.851, 0.649),
(-0.003, -0.860, 0.526),
(-0.016, -0.916, 0.521),
(-0.021, -0.933, 0.479),
(-0.035, -0.946, 0.449),
(-0.037, -0.991, 0.438),
(-0.024, -1.015, 0.414),
(-0.001, -1.031, 0.389),
(0.013, -1.059, 0.362),
(0.044, -1.128, 0.279),
(0.070, -1.170, 0.227),
(0.110, -1.187, 0.169),
(0.157, -1.175, 0.126),
(0.224, -1.106, 0.079),
(0.245, -1.073, 0.066),
(0.283, -1.066, 0.055),
(0.333, -1.069, 0.034),
(0.407, -1.028, 0.028),
(0.411, -0.980, 0.078),
(0.399, -0.979, 0.103),
(0.379, -0.972, 0.126),
(0.278, -0.970, 0.203),
(0.237, -0.978, 0.222),
(0.198, -0.985, 0.237),
(0.172, -0.994, 0.252),
(0.134, -1.015, 0.280),
(0.128, -1.016, 0.292),
(0.127, -1.012, 0.302),
(0.126, -1.000, 0.303),
(0.133, -0.989, 0.299),
(0.111, -0.945, 0.240),
(0.104, -0.925, 0.226),
(0.104, -0.927, 0.218),
(0.183, -0.867, 0.198),
(0.179, -0.897, 0.155),
(0.131, -0.908, 0.148),
(0.094, -0.915, 0.138),
(0.095, -0.939, 0.149),
(0.058, -0.879, 0.185),
(0.061, -0.872, 0.195),
(0.060, -0.871, 0.214),
(0.082, -0.878, 0.263),
(0.104, -0.887, 0.280),
(0.123, -0.899, 0.273),
(0.135, -0.911, 0.266),
(0.134, -0.913, 0.278),
(0.138, -0.957, 0.246),
(0.144, -0.960, 0.247),
(0.157, -0.961, 0.227),
(0.167, -0.956, 0.216),
(0.197, -0.957, 0.192),
(0.185, -0.963, 0.193),
(0.166, -0.962, 0.203),
(0.236, -0.951, 0.229),
(0.233, -0.964, 0.241),
(0.220, -0.918, 0.273),
(0.243, -0.913, 0.285),
(0.223, -0.923, 0.305),
(0.134, -0.933, 0.290),
(0.130, -0.948, 0.286),
(0.119, -0.953, 0.286),
(0.109, -0.971, 0.301),
(0.109, -0.981, 0.309),
(0.104, -0.980, 0.318),
(0.077, -0.987, 0.354),
(0.054, -1.008, 0.381),
(0.053, -1.013, 0.484),
(0.077, -0.991, 0.488),
(0.076, -0.973, 0.491),
(0.056, -0.965, 0.534),
(-0.032, -0.946, 0.583),
(-0.053, -0.921, 0.585),
(-0.037, -0.892, 0.620),
(-0.014, -0.849, 0.660),
(0.001, -0.807, 0.662),
(-0.059, -0.767, 0.699),
(-0.122, -0.736, 0.755),
(-0.162, -0.720, 0.828),
(-0.191, -0.679, 0.885),
(-0.178, -0.676, 0.892),
(-0.190, -0.665, 0.871),
(-0.275, -0.641, 0.902),
(-0.318, -0.605, 0.910),
(-0.333, -0.573, 0.953),
(-0.349, -0.414, 0.996),
(-0.349, -0.400, 0.986),
(-0.362, -0.372, 0.982),
(-0.366, -0.314, 1.023),
(-0.319, -0.264, 1.030),
(-0.312, -0.194, 1.037),
(-0.311, -0.195, 0.995),
(-0.332, -0.157, 0.983),
(-0.321, -0.083, 0.982),
(-0.231, 0.079, 0.972),
(-0.232, 0.110, 0.973),
(-0.257, 0.124, 0.977),
(-0.179, 0.178, 0.894),
(-0.206, 0.222, 0.849),
(-0.207, 0.226, 0.810),
(-0.188, 0.239, 0.809),
(-0.201, 0.293, 0.793),
(-0.140, 0.439, 0.738),
(-0.131, 0.479, 0.733),
(-0.115, 0.536, 0.741),
(-0.177, 0.554, 0.708),
(-0.170, 0.622, 0.718),
(-0.147, 0.656, 0.703),
(-0.127, 0.706, 0.704),
(-0.131, 0.788, 0.684),
(-0.120, 0.806, 0.670),
(-0.129, 0.827, 0.659),
(-0.108, 0.873, 0.660),
(-0.103, 0.925, 0.667),
(-0.091, 0.958, 0.682),
(-0.088, 0.968, 0.687),
(-0.071, 1.018, 0.691),
(-0.056, 1.027, 0.714),
(-0.070, 1.002, 0.718),
(-0.092, 0.987, 0.719),
(-0.083, 0.982, 0.747),
(-0.089, 0.990, 0.773),
(-0.091, 1.024, 0.795),
(-0.072, 1.012, 0.813),
(-0.089, 0.944, 0.838),
(-0.108, 0.927, 0.860),
(-0.128, 0.893, 0.881),
(-0.144, 0.859, 0.892),
(-0.114, 0.873, 0.931),
(-0.094, 0.864, 0.935),
(-0.101, 0.815, 0.953),
(-0.092, 0.830, 1.005),
(-0.046, 0.830, 1.035),
(0.006, 0.682, 1.003),
(-0.006, 0.570, 1.040),
(-0.084, 0.552, 1.103),
(-0.180, 0.484, 1.042),
(-0.148, 0.496, 1.065),
(-0.115, 0.481, 1.090),
(-0.034, 0.454, 1.101),
(0.182, 0.154, 1.034),
(0.107, 0.075, 1.098),
(0.021, 0.094, 1.112),
(-0.037, 0.081, 1.078),
(-0.006, 0.070, 0.998),
(0.022, 0.070, 1.022),
(0.109, 0.036, 0.992),
(0.235, -0.014, 0.982),
(0.272, -0.055, 1.022),
(0.210, -0.066, 1.048),
(0.159, -0.046, 1.026),
(0.175, -0.040, 0.991),
(0.227, -0.269, 0.727),
(0.404, -0.346, 0.655),
(0.601, -0.321, 0.670),
(0.679, -0.241, 0.737),
(0.658, -0.171, 0.767),
(0.638, -0.088, 0.792),
(0.680, -0.027, 0.759),
(0.704, 0.017, 0.681),
(0.659, 0.005, 0.521),
(0.525, -0.004, 0.493),
(0.463, -0.012, 0.531),
(0.468, 0.012, 0.651),
(0.354, 0.052, 0.709),
(0.283, 0.068, 0.703),
(0.299, 0.089, 0.730),
(0.352, 0.102, 0.779),
(0.418, 0.140, 0.879),
(0.365, 0.156, 0.885),
(0.353, 0.157, 0.869),
(0.351, 0.161, 0.847),
(0.403, 0.148, 0.823),
(0.422, 0.147, 0.868),
(0.394, 0.147, 0.894),
(0.324, 0.137, 0.913),
(0.278, 0.120, 0.909),
(0.335, 0.125, 0.869),
(0.390, 0.125, 0.869),
(0.404, 0.123, 0.879),
(0.370, 0.108, 0.874),
(0.383, 0.107, 0.824),
(0.406, 0.111, 0.828),
(0.443, 0.097, 0.830),
(0.462, 0.074, 0.861),
(0.395, 0.059, 0.885),
(0.324, 0.053, 0.893),
(0.311, 0.039, 0.899),
(0.444, 0.069, 0.869),
(0.458, 0.062, 0.900),
(0.449, 0.047, 0.918),
(0.422, 0.032, 0.870),
(0.267, 0.033, 0.944),
(0.275, 0.026, 0.970),
(0.346, 0.035, 0.973),
(0.384, 0.041, 0.936),
(0.313, -0.006, 0.894),
(0.257, -0.004, 0.891),
(0.204, 0.020, 0.903),
(0.168, 0.023, 0.925),
(0.156, 0.064, 0.935),
(0.198, 0.057, 0.883),
(0.216, 0.070, 0.873),
(0.212, 0.108, 0.895),
(0.171, 0.205, 0.966),
(0.151, 0.220, 0.928),
(0.124, 0.200, 0.904),
(0.088, 0.169, 0.892),
(0.053, 0.184, 0.866),
(0.064, 0.286, 0.930),
(0.086, 0.395, 0.989),
(0.105, 0.412, 0.928),
(-0.010, 0.353, 0.910),
(-0.022, 0.351, 0.867),
(-0.008, 0.327, 0.844),
(-0.027, 0.325, 0.873),
(-0.095, 0.429, 0.938),
(-0.116, 0.592, 0.968),
(-0.056, 0.689, 0.980),
(0.000, 0.626, 0.928),
(-0.091, 0.513, 0.829),
(-0.132, 0.510, 0.816),
(-0.130, 0.549, 0.872),
(-0.119, 0.598, 0.893),
(-0.089, 0.775, 0.912),
(-0.009, 0.810, 0.916),
(0.008, 0.780, 0.909),
(-0.047, 0.704, 0.887),
(-0.154, 0.700, 0.862),
(-0.161, 0.653, 0.820),
(-0.137, 0.623, 0.796),
(-0.107, 0.656, 0.810),
(-0.099, 0.705, 0.876),
(-0.118, 0.682, 0.866),
(-0.147, 0.655, 0.858),
(-0.174, 0.686, 0.865),
(-0.149, 0.650, 0.850),
(-0.144, 0.619, 0.870),
(-0.181, 0.596, 0.837),
(-0.224, 0.611, 0.809),
(-0.170, 0.728, 0.859),
(-0.155, 0.679, 0.869),
(-0.186, 0.667, 0.861),
(-0.214, 0.740, 0.868),
(-0.255, 0.810, 0.856),
(-0.124, 0.958, 0.971),
(-0.142, 0.932, 0.948),
(-0.134, 0.925, 0.963),
(-0.126, 0.849, 0.959),
(-0.093, 0.823, 0.965),
(-0.071, 0.788, 0.972),
(-0.051, 0.757, 0.976),
(-0.032, 0.725, 0.967),
(-0.069, 0.503, 0.910),
(-0.072, 0.477, 0.896),
(-0.083, 0.446, 0.880),
(-0.072, 0.433, 0.865),
(-0.094, 0.435, 0.848),
(-0.079, 0.473, 0.846),
(-0.057, 0.477, 0.833),
(-0.044, 0.473, 0.817),
(-0.060, 0.431, 0.826),
(-0.087, 0.394, 0.880),
(-0.111, 0.374, 0.857),
(-0.117, 0.364, 0.882),
(-0.119, 0.333, 0.889),
(-0.128, 0.317, 0.866),
(-0.135, 0.292, 0.833),
(-0.147, 0.281, 0.849),
(-0.140, 0.272, 0.888),
(-0.167, 0.231, 0.879),
(-0.172, 0.236, 0.893),
(-0.255, 0.135, 0.872),
(-0.280, 0.132, 0.910),
(-0.337, 0.083, 0.951),
(-0.319, 0.067, 0.966),
(-0.315, 0.002, 0.944),
(-0.423, -0.064, 0.892),
(-0.433, -0.081, 0.881),
(-0.429, -0.092, 0.887),
(-0.411, -0.106, 0.902),
(-0.310, -0.198, 0.871),
(-0.297, -0.304, 0.798),
(-0.382, -0.331, 0.854),
(-0.436, -0.369, 0.843),
(-0.453, -0.413, 0.874),
(-0.446, -0.394, 0.866),
(-0.343, -0.521, 0.673),
(-0.368, -0.565, 0.706),
(-0.370, -0.600, 0.742),
(-0.212, -0.838, 0.687),
(-0.216, -0.902, 0.688),
(-0.227, -0.917, 0.659),
(-0.247, -0.910, 0.651),
(-0.168, -0.891, 0.651),
(-0.190, -0.879, 0.630),
(-0.246, -0.886, 0.633),
(-0.275, -0.911, 0.601),
(-0.219, -0.934, 0.537),
(-0.197, -0.965, 0.521),
(-0.203, -0.970, 0.504),
(-0.209, -0.979, 0.496),
(-0.182, -0.967, 0.444),
(-0.165, -0.961, 0.440),
(-0.153, -0.969, 0.417),
(-0.127, -0.970, 0.379),
(-0.112, -1.030, 0.325),
(-0.099, -1.052, 0.275),
(-0.098, -1.056, 0.248),
(-0.088, -1.073, 0.244),
(0.011, -1.039, 0.183),
(-0.014, -1.055, 0.177),
(-0.031, -1.058, 0.154),
(-0.028, -1.047, 0.145),
(0.012, -1.039, 0.148),
(0.032, -1.039, 0.151),
(0.044, -1.038, 0.146),
(0.064, -1.037, 0.127),
(0.106, -1.007, 0.083),
(0.113, -0.998, 0.062),
(0.123, -0.973, 0.051),
(0.138, -0.957, 0.041),
(0.146, -0.939, 0.043),
(0.138, -0.940, 0.051),
(0.116, -0.949, 0.067),
(0.083, -0.956, 0.085),
(0.061, -0.962, 0.088),
(0.058, -0.966, 0.105),
(0.061, -0.975, 0.117),
(0.072, -0.984, 0.121),
(0.095, -0.988, 0.123),
(0.102, -0.979, 0.123),
(0.105, -0.967, 0.125),
(0.117, -0.953, 0.116),
(0.129, -0.917, 0.115),
(0.134, -0.912, 0.115),
(0.135, -0.915, 0.107),
(0.133, -0.928, 0.102),
(0.128, -0.952, 0.067),
(0.135, -0.965, 0.049),
(0.146, -0.974, 0.037),
(0.156, -0.980, 0.035),
(0.172, -0.999, 0.022),
(0.172, -1.014, 0.025),
(0.166, -1.023, 0.034),
(0.163, -1.030, 0.032),
(0.171, -1.028, 0.043),
(0.179, -1.016, 0.048),
(0.196, -1.008, 0.057),
(0.219, -1.001, 0.066),
(0.236, -0.990, 0.068),
(0.244, -0.981, 0.063),
(0.228, -0.975, 0.067),
(0.211, -0.981, 0.062),
(0.275, -0.962, 0.055),
(0.290, -0.945, 0.054),
(0.292, -0.922, 0.054),
(0.294, -0.912, 0.050),
(0.246, -0.917, 0.026),
(0.218, -0.913, 0.026),
(0.199, -0.906, 0.028),
(0.188, -0.899, 0.024),
(0.184, -0.892, 0.024),
(0.191, -0.895, 0.019),
(0.189, -0.899, 0.017),
(0.185, -0.894, 0.021),
(0.183, -0.876, 0.020),
(0.186, -0.876, 0.019),
(0.184, -0.871, 0.019),
(0.175, -0.869, 0.021),
(0.168, -0.868, 0.030),
(0.160, -0.869, 0.032),
(0.155, -0.874, 0.027),
(0.151, -0.880, 0.022),
(0.167, -0.888, 0.021),
(0.190, -0.906, 0.018),
(0.194, -0.910, 0.022),
(0.197, -0.912, 0.018),
(0.220, -0.912, 0.015),
(0.221, -0.911, 0.019),
(0.219, -0.910, 0.022),
(0.223, -0.908, 0.023),
(0.219, -0.906, 0.029),
(0.220, -0.904, 0.030),
(0.220, -0.905, 0.025),
(0.224, -0.905, 0.027),
(0.230, -0.903, 0.043),
(0.227, -0.904, 0.042),
(0.225, -0.906, 0.043),
(0.221, -0.908, 0.041),
(0.219, -0.913, 0.051),
(0.221, -0.915, 0.052),
(0.222, -0.915, 0.057),
(0.225, -0.914, 0.058),
(0.239, -0.908, 0.050),
(0.246, -0.907, 0.053),
(0.248, -0.909, 0.049),
(0.245, -0.910, 0.044),
(0.236, -0.909, 0.041),
(0.230, -0.910, 0.034),
(0.227, -0.910, 0.033),
(0.232, -0.911, 0.026),
(0.230, -0.916, 0.026),
(0.226, -0.920, 0.023),
(0.221, -0.921, 0.022),
(0.224, -0.924, 0.026),
(0.230, -0.925, 0.030),
(0.230, -0.925, 0.028),
(0.227, -0.921, 0.030),
(0.235, -0.928, 0.027),
(0.230, -0.925, 0.031),
(0.235, -0.925, 0.030),
(0.235, -0.925, 0.026),
(0.236, -0.920, 0.036),
(0.235, -0.924, 0.035),
(0.231, -0.926, 0.034),
(0.234, -0.922, 0.033),
(0.232, -0.917, 0.030),
(0.230, -0.923, 0.025),
(0.228, -0.928, 0.024),
(0.226, -0.927, 0.024),
(0.230, -0.922, 0.028),
(0.221, -0.917, 0.027),
(0.220, -0.917, 0.034),
(0.216, -0.919, 0.035),
(0.217, -0.923, 0.038),
(0.216, -0.919, 0.037),
(0.216, -0.917, 0.038),
(0.217, -0.920, 0.042),
(0.217, -0.926, 0.047),
(0.220, -0.926, 0.041),
(0.220, -0.920, 0.045),
(0.220, -0.919, 0.059),
(0.213, -0.921, 0.069),
(0.219, -0.926, 0.065),
(0.225, -0.927, 0.060),
(0.229, -0.924, 0.060),
(0.229, -0.924, 0.067),
(0.226, -0.924, 0.069),
(0.223, -0.929, 0.071),
(0.218, -0.936, 0.071),
(0.220, -0.932, 0.069),
(0.228, -0.928, 0.066),
(0.233, -0.929, 0.062),
(0.230, -0.931, 0.056),
(0.230, -0.938, 0.053),
(0.227, -0.935, 0.052),
(0.226, -0.937, 0.052),
(0.222, -0.934, 0.052),
(0.213, -0.926, 0.054),
(0.212, -0.923, 0.061),
(0.214, -0.925, 0.061),
(0.216, -0.930, 0.054),
(0.221, -0.937, 0.048),
(0.225, -0.938, 0.048),
(0.227, -0.937, 0.050),
(0.222, -0.933, 0.054),
(0.216, -0.932, 0.056),
(0.215, -0.934, 0.057),
(0.213, -0.934, 0.058),
(0.214, -0.933, 0.059),
(0.224, -0.931, 0.057),
(0.222, -0.931, 0.060),
(0.219, -0.928, 0.062),
(0.220, -0.926, 0.059),
(0.220, -0.922, 0.062),
(0.219, -0.926, 0.058),
(0.219, -0.927, 0.057),
(0.222, -0.924, 0.054),
(0.230, -0.921, 0.044),
(0.231, -0.923, 0.042),
(0.226, -0.925, 0.042),
(0.223, -0.920, 0.041),
(0.219, -0.912, 0.043),
(0.218, -0.912, 0.046),
(0.219, -0.915, 0.042),
(0.220, -0.914, 0.044),
(0.225, -0.913, 0.044),
(0.219, -0.917, 0.048),
(0.216, -0.917, 0.052),
(0.210, -0.915, 0.052),
(0.211, -0.912, 0.053),
(0.217, -0.913, 0.051),
(0.219, -0.911, 0.049),
(0.225, -0.910, 0.051),
